messages,intent
Describe your range of capabilities.,Ask Features
What are the regulations regarding course reimbursement from employers?,Negative
Can you help me find a new hobby?,Negative
Can you suggest a course in arts and humanities?,Course Search
How can I track my progress in personal development courses?,Course Search
Are you a human being?,Bot Challenge
Explain your supported functions.,Ask Features
Can you provide information about the skills taught in Marketing Strategy and Planning?,Description
"Hello, anybody there?",Greet
Are there any courses in social sciences?,Course Search
"Hi, are you a virtual bot?",Bot Challenge
Take me to the page for Business Performance Management.,Open Landing Page
"Hello, how’s your day going?",Greet
Are you an AI?,Bot Challenge
Display the course overview for Business Process Modeling.,Open Landing Page
How do I start a vegetable garden?,Negative
How would you rate the Machine Learning with TensorFlow course?,Description
Good afternoon,Greet
What's the difficulty level of the Information Technology IT Support Fundamentals course?,Description
Access the course overview for Managerial Accounting.,Open Landing Page
Display the landing page for Financial Statement Analysis.,Open Landing Page
What features do you have?,Ask Features
Enumerate your range of capabilities.,Ask Features
"Hi, are you an AI bot?",Bot Challenge
Describe what kind of tasks you can handle.,Ask Features
"Hey, quick question",Greet
Can you help me find my lost phone?,Negative
Open the landing page for Business Finance for Non-Financial Managers.,Open Landing Page
Can I customize a course for personal development based on my interests?,Course Search
"Hi, need help with something",Greet
How is the Conflict Resolution and Negotiation Skills course rated?,Description
"Hey, need to ask something",Greet
"Hi, what's the name you want to go by today?",Ask Name
"Hi, I have a question",Greet
"Hi, are you a chatbot or human?",Bot Challenge
"Hey, how are you today?",Greet
Are there any hackathons related to data science courses?,Course Search
What's the name you prefer for this conversation?,Ask Name
How difficult is the Virtual Reality Fundamentals course?,Description
Is this an automated system?,Bot Challenge
What skills are emphasized in the Sociology of Social Inequality course?,Description
What's the rating for Financial Planning for Entrepreneurs?,Description
"Hi, need some guidance on this issue",Greet
What skills are emphasized in the Sociology of Social Networks course?,Description
Can you tell me about the history of World War II?,Negative
How do I cook pho?,Negative
Describe what you can support.,Ask Features
Detail the functionalities you provide.,Ask Features
Can you suggest any coding bootcamps for information technology courses?,Course Search
"Hi, can you assist me with this?",Greet
"Hi, anyone around to chat?",Greet
Are there any courses in Android mobile app development?,Course Search
How do I change the language settings?,Negative
Show me the landing page for Financial Decision Making.,Open Landing Page
How do I apply for unemployment benefits?,Negative
What's the latest news in technology?,Negative
What's the best way to learn photography?,Negative
"Hi, anyone here to assist me?",Greet
What are the admission requirements for courses in humanities?,Course Search
Open the page for Operations Management.,Open Landing Page
Can you describe the difficulty level of Graphic Design Software Basics?,Description
Are you a bot or human?,Bot Challenge
Can I change my username?,Negative
Could you describe the skills covered in the Computer Science Software Engineering course?,Description
Can you tell me about the rating for the Theater History and Literature course?,Description
What's the difficulty level of the Machine Learning course?,Description
What can you do for me?,Ask Features
What functionalities do you offer?,Ask Features
How do I update my profile picture?,Negative
"Hi, can you tell me your name?",Ask Name
What's the weather like today?,Negative
Is this a real conversation?,Bot Challenge
What skills will I learn in the Content Marketing Strategy course?,Description
Are you an AI human?,Bot Challenge
Can you recommend a course in business ethics?,Course Search
Navigate to the page for Managerial Accounting.,Open Landing Page
What's the difficulty level of the Mobile App Development Fundamentals course?,Description
Can you share the difficulty level of the Civil Engineering Fundamentals course?,Description
Can I get a refund for a course I didn't like?,Negative
Is there a mobile app available for the platform?,Negative
"Hello, can I ask something?",Greet
Are there any courses in user experience design?,Course Search
How do I unenroll from a course?,Negative
Can you list your capabilities?,Ask Features
How do I support educational initiatives through social media advocacy?,Negative
Access the course details for Financial Management for Managers.,Open Landing Page
How can I contribute to educational infrastructure development?,Negative
How do I earn a certificate for a course?,Negative
Hello,Greet
What are the policies regarding educational support for students in foster care?,Negative
Is this an automated assistant?,Bot Challenge
What's the best way to organize a garage?,Negative
What skills can I expect to gain from the Leadership and Management course?,Description
Display the course overview for Web Development Basics.,Open Landing Page
How would you like me to refer to you?,Ask Name
What's the best way to learn to code?,Negative
How do I plan a surprise party?,Negative
Hi bot,Bot Challenge
"Hi, need to talk",Greet
Can you tell me about the rating for the Music Theory and Composition course?,Description
What's the rating for Financial Management for Entrepreneurs?,Description
How can I specialize in web development within the IT courses?,Course Search
Is this a human or AI?,Bot Challenge
"I'm interested in studying information technology, are there any suitable courses?",Course Search
List the tasks you're capable of.,Ask Features
Good morning,Greet
What's your preferred name?,Ask Name
Access the course details for Supply Chain Management.,Open Landing Page
How do I manage my account security settings?,Negative
Can you translate this sentence into Spanish?,Negative
What's the best way to learn to play the guitar?,Negative
How do I install a new faucet?,Negative
List the functions you offer.,Ask Features
"Hi, can we speak?",Greet
What's the best way to train a dog?,Negative
Open the landing page for Corporate Financial Management.,Open Landing Page
What's the name you prefer for this interaction?,Ask Name
Show me the landing page for Business Intelligence and Analytics.,Open Landing Page
Show me the details for International Marketing.,Open Landing Page
Can you explain your functionalities?,Ask Features
Take me to the course description for Strategic Management.,Open Landing Page
"Hi, are you a real person?",Bot Challenge
"Hi, can you help me out?",Greet
What skills are covered in Human Resources Management Essentials?,Description
Take me to the course overview for Business Risk Management Strategies.,Open Landing Page
Good day,Greet
"Hey, need to discuss this",Greet
"Hi, what's your name this time?",Ask Name
What skills are emphasized in the Sociology of Social Deviance course?,Description
What's the rating for the Business Negotiation Skills course?,Description
Display the landing page for Business Intelligence.,Open Landing Page
What's the difficulty level of the Cybersecurity Fundamentals course?,Description
Could you give me an idea of the difficulty level for Graphic Design Mastery?,Description
What are the language exchange programs associated with language learning courses?,Course Search
Is this a bot?,Bot Challenge
Are you a bot?,Bot Challenge
Can I interact with other students in the course?,Negative
What's the best way to clean a microwave?,Negative
I need to buy car insurance.,Negative
"Hi, who’s available?",Greet
Can you help me with my diet plan?,Negative
What's the difficulty level of the JavaScript Essentials course?,Description
How do I make homemade bread?,Negative
What are the benefits of yoga?,Negative
How do I change my Twitter handle?,Negative
Do you mind telling me your name?,Ask Name
Show me the details for Business Innovation and Entrepreneurship.,Open Landing Page
"I want to learn about information technology, are there any suitable courses?",Course Search
Are there any courses in language learning?,Course Search
How is the Java Programming with IntelliJ IDEA course rated?,Description
Can I retake a quiz or exam?,Negative
Are you a chatbot?,Bot Challenge
Are you a digital bot?,Bot Challenge
"Hi, are you a real person or AI?",Bot Challenge
Access the course syllabus for Global Business Strategy.,Open Landing Page
Are there any courses in software development?,Course Search
What features are available?,Ask Features
Can you recommend a good online community for writers?,Negative
How do I update my billing information?,Negative
Display the course overview for Business Decision Making Strategies.,Open Landing Page
"Hi, can you assist?",Greet
Display the course overview for Business Risk Management.,Open Landing Page
How do I create a playlist on Spotify?,Negative
I want to book a flight ticket.,Negative
Are you a robot?,Bot Challenge
Access the course syllabus for Business Simulation.,Open Landing Page
Can you provide details about the difficulty level of the Math and Logic Critical Thinking course?,Description
How do I register a domain name?,Negative
How is the Conflict Resolution and Mediation Skills course rated?,Description
"Hi, can you help me with something?",Greet
Can you describe the difficulty level of the Adobe Illustrator Basics?,Description
Are you an AI or human?,Bot Challenge
I need advice on stock investment.,Negative
Describe your supported actions.,Ask Features
Take me to the page for Business Information Systems.,Open Landing Page
Show me the details for Corporate Finance and Investment.,Open Landing Page
Can you recommend a course in healthcare?,Course Search
How do I update my payment information?,Negative
Explain your range of support.,Ask Features
How do I learn to sew?,Negative
"Hi, can we discuss something?",Greet
Are there any courses in psychology?,Course Search
Open the landing page for Business Strategy Planning.,Open Landing Page
Show me the landing page for Business Risk Analysis.,Open Landing Page
How do I advocate for increased funding for educational programs?,Negative
Are there any grant programs specifically for supporting environmental education?,Negative
How do I plan a road trip?,Negative
"Hello, what name should I refer to you by now?",Ask Name
"Hi, need some help with this",Greet
What are the prerequisites for taking a course in computer science?,Course Search
How difficult is the Data Science for Healthcare Professionals course?,Description
Search for courses in genetics.,Course Search
Are you a digital assistant?,Bot Challenge
How do I get a driver's license?,Negative
Show me the details for Business Negotiation and Conflict Resolution.,Open Landing Page
Can you help me find a good hotel?,Negative
Can you recommend a good music playlist?,Negative
How do I get rid of garden pests?,Negative
Are there any courses in economics?,Course Search
What's the best way to clean a washing machine?,Negative
Describe what kind of assistance you provide.,Ask Features
What's the best way to handle a breakup?,Negative
"Hello, need some assistance here",Greet
"Hi, what's your name for today?",Ask Name
Are there any additional fees for course materials?,Negative
What's the best way to learn to draw?,Negative
Can you recommend a good movie to watch?,Negative
Display the landing page for Managerial Finance.,Open Landing Page
How do I access the platform's blog?,Negative
How do I set up a new email account?,Negative
What are the data analysis tools used in data science courses?,Course Search
Which skills are included in the Java Programming for Beginners course?,Description
Take me to the course description for Business Analytics.,Open Landing Page
Are there any grant opportunities for educational outreach programs?,Negative
Can I transfer my progress to a different account?,Negative
How do I change my time zone settings?,Negative
What's the best way to train for a marathon?,Negative
Are there any art exhibitions related to arts and humanities courses?,Course Search
Show me the details for Human Resource Management.,Open Landing Page
How do I create a vision board?,Negative
Are you a human assistant?,Bot Challenge
Which skills will I learn in the Arabic Language Learning course?,Description
Can you help me find a good mechanic?,Negative
Show me the course syllabus for Business Communication.,Open Landing Page
Open the page for Business Leadership and Team Building.,Open Landing Page
Can you recommend a course in arts and humanities?,Course Search
Open the page for Business Law and Regulatory Environment.,Open Landing Page
What's the difficulty level of the Web Development Bootcamp?,Description
Can you recommend a course in information technology and cybersecurity?,Course Search
Take me to the page for Managerial Negotiation Skills.,Open Landing Page
Detail the functions you excel in.,Ask Features
Can you recommend resources for understanding education policy analysis?,Negative
"Hi, what name are you feeling right now?",Ask Name
What's the best way to learn to knit?,Negative
"Hi, need some advice on this",Greet
Can I share my account with someone else?,Negative
Are you an artificial intelligence?,Bot Challenge
What's the best way to quit smoking?,Negative
Show me the details for Strategic Supply Chain Management.,Open Landing Page
How can I access coding exercises for web development courses?,Course Search
Can you recommend strategies for lobbying for educational funding?,Negative
Detail your available functions.,Ask Features
Yo,Greet
How is the Conflict Resolution and Mediation Skills course rated?,Description
What's the best way to improve public speaking skills?,Negative
"Hi, is this a real or digital assistant?",Bot Challenge
"Hey, what’s going on?",Greet
"Hello, what should I call you today?",Ask Name
What's the best way to organize a garage?,Negative
How do I get to the airport?,Negative
Are you a real intelligent assistant?,Bot Challenge
Are you an intelligent bot?,Bot Challenge
What initiatives exist for promoting digital citizenship education?,Negative
Which skills are emphasized in Corporate Finance Fundamentals?,Description
How do I start a book club?,Negative
Which skills will I learn in the Italian Language Learning course?,Description
Can you recommend a good home decor website?,Negative
"Hi, quick chat?",Greet
Could you describe your abilities?,Ask Features
How is the Time Management and Goal Setting course rated?,Description
How do I submit assignments?,Negative
Can you share the difficulty level of the Environmental Engineering Principles course?,Description
Access the course syllabus for Business Law and Regulation.,Open Landing Page
What are the system requirements for using the platform?,Negative
Search for courses in climate science.,Course Search
How do I fix a leaky faucet?,Negative
What's the best way to clean carpets?,Negative
How can I join a study group for information technology courses?,Course Search
"Hi, can I get some help here?",Greet
Can you detail the functions you provide?,Ask Features
How can I call you?,Ask Name
Describe the services you provide.,Ask Features
Can you provide information on scholarships for vocational courses?,Negative
"Hey, anyone around to help?",Greet
How do I delete my account?,Negative
"Hey, what’s going on?",Greet
What's the rating for the Artificial Intelligence Essentials course?,Description
How do I get rid of ants?,Negative
"Hi, need some assistance",Greet
Can you provide information about the skills taught in Marketing Strategy and Planning?,Description
What assistance do you offer?,Ask Features
Hi there,Greet
Provide details on your supported tasks.,Ask Features
How do I meditate effectively?,Negative
How do I write a cover letter?,Negative
Can you share the difficulty level of the Electrical Engineering Circuit Analysis course?,Description
Search for courses in neuroscience.,Course Search
Can you recommend a course in information technology and cybersecurity?,Course Search
Which skills will I learn in the French Language Learning course?,Description
"Hi, got a minute to help?",Greet
What policies exist for promoting diversity and inclusion in educational settings?,Negative
How do I replace a light bulb?,Negative
Can you recommend a good financial advisor?,Negative
Can you help me find a good babysitter?,Negative
Can you tell me a bedtime story?,Negative
"Hello, could you tell me your name please?",Ask Name
Can you recommend a good exercise app?,Negative
What can you help with?,Ask Features
How do I set up a printer?,Negative
Can you recommend a course in software engineering?,Course Search
Show me the details for Business-to-Business Marketing.,Open Landing Page
Display the landing page for Business Process Improvement.,Open Landing Page
Access the course syllabus for Management Information Systems.,Open Landing Page
"Hey, what’s going on today?",Greet
What's the best way to recycle?,Negative
Detail your supported tasks.,Ask Features
Hi everyone,Greet
"Hi, what name should I use to address you today?",Ask Name
Show me the details for Entrepreneurial Leadership and Strategy.,Open Landing Page
Access the course syllabus for Financial Risk Management.,Open Landing Page
Are you a real virtual assistant?,Bot Challenge
What's the best way to stay healthy?,Negative
How do I start a small business?,Negative
Display the course overview for Business Forecasting.,Open Landing Page
Are there any funding opportunities for educational research projects?,Negative
"Howdy, what's your name?",Ask Name
"Hey, anyone here to chat?",Greet
What's the difficulty level of the Full Stack Web Development Bootcamp?,Description
Can you provide information on grant opportunities for course development?,Negative
What functions do you offer?,Ask Features
How do I contact customer support?,Negative
Explain what functionalities you specialize in.,Ask Features
How do I cook pho?,Negative
Can you provide information on the duration of courses in data science?,Course Search
Are there any internships associated with courses in business management?,Course Search
Open the page for Marketing Management for Nonprofit Organizations.,Open Landing Page
Display the course overview for Business Sustainability.,Open Landing Page
Can you suggest a course in web development?,Course Search
Explain your range of abilities.,Ask Features
What's your current name?,Ask Name
How do I clear my browsing history on the platform?,Negative
Are you an AI assistant?,Bot Challenge
How can I support educational charities through volunteer work?,Negative
Howdy,Greet
Detail your range of support.,Ask Features
How do I install a ceiling fan?,Negative
Detail the services you offer.,Ask Features
What's the name you want to go by today?,Ask Name
Tell me more about your abilities.,Ask Features
What skills can I expect to gain from the Business Analysis Essentials course?,Description
Can you help me find a good financial advisor?,Negative
Can you help me find a good daycare?,Negative
How is the Data Analysis with Excel course rated?,Description
"Hi, can we chat?",Greet
"Hello, what name are you comfortable with for this discussion?",Ask Name
Can you help me choose a laptop?,Negative
Can you give me directions to the library?,Negative
What's the best way to learn public speaking?,Negative
"Hi, got a minute?",Greet
What can I expect you to do?,Ask Features
"I need to find a course in time management, any suggestions?",Course Search
Are there any courses in Android mobile app development?,Course Search
What functionalities do you excel in?,Ask Features
"Hello, what's the name you'd like me to use today?",Ask Name
What name would you like me to call you for this discussion?,Ask Name
What are the policies regarding educational benefits for military personnel?,Negative
Access the course syllabus for Corporate Entrepreneurship and Innovation.,Open Landing Page
What's the price of gold today?,Negative
"Hi, hope you’re well",Greet
"Hey, can we chat?",Greet
Can you teach me how to play chess?,Negative
Can you suggest a course in corporate finance?,Course Search
"I'm interested in Western philosophy, any courses available?",Course Search
"Hi, anyone here to talk?",Greet
What can you do to assist me?,Ask Features
"What's up, what's your name?",Ask Name
What skills are covered in Performance Management Essentials?,Description
What name should I use to address you for this conversation?,Ask Name
Can you share the rating for Social Media Engagement Mastery?,Description
What's the best way to organize a bookshelf?,Negative
Can you provide details about the difficulty level of the Math and Logic Logical Reasoning course?,Description
How do I find a good lawyer?,Negative
Can you suggest a course in international economics?,Course Search
Take me to the course overview for Business Decision Making.,Open Landing Page
What skills are covered in Human Resources Management Essentials?,Description
"Hi, what name would you like to use for now?",Ask Name
How would you rate the Data Visualization with Python course?,Description
Salutations,Greet
Are there any loan forgiveness programs for course-related debt?,Negative
Are there any virtual events hosted by the platform?,Negative
Which skills will I learn in the Korean Language Learning course?,Description
Are you a robot or human?,Bot Challenge
Can you help me write a business plan?,Negative
Can you tell me about the skills covered in the Chinese Language Basics course?,Description
How do I request a course extension?,Negative
"Hey, what’s up with you?",Greet
Can you suggest a good restaurant nearby?,Negative
How difficult is the Data Science for Machine Learning course?,Description
"Hello, anyone available to help?",Greet
Enumerate your areas of expertise.,Ask Features
How do I write a cover letter?,Negative
Can you provide information on your capabilities?,Ask Features
How do I fix a broken phone screen?,Negative
Can you help me with my homework?,Negative
"I'm interested in data science, any suggestions for me?",Course Search
How can I lose weight quickly?,Negative
Show me the landing page for Retail Operations Management.,Open Landing Page
"Hi, is anyone online?",Greet
List your areas of expertise.,Ask Features
Search for courses in renewable energy.,Course Search
What accessibility features are available?,Negative
Show me the course details for Managerial Economics.,Open Landing Page
Are there any courses in database management?,Course Search
What's the difficulty level of Advanced C# Programming?,Description
How do I support educational charities through fundraising events?,Negative
Can you recommend a good workout routine?,Negative
How do I create a business logo?,Negative
"I need to find a course in time management, any suggestions?",Course Search
Can I preview a course before enrolling?,Negative
What's the name you'd like to be called today?,Ask Name
Can I transfer my progress to a different account?,Negative
What skills will I learn in the Digital Marketing Strategy course?,Description
How do I find a babysitter?,Negative
"I want to study digital art, any suggestions?",Course Search
Enumerate your areas of expertise.,Ask Features
How is the Emotional Intelligence and Leadership Development course rated?,Description
"Hi, are you real?",Bot Challenge
What should I do if I forget my username?,Negative
How is the Emotional Intelligence and Self-Awareness course rated?,Description
Hiya,Greet
"Hello, do you have a name?",Ask Name
Open the landing page for Leadership Development.,Open Landing Page
What's the rating for Marketing Analytics Essentials?,Description
I'm looking for a job.,Negative
Can you help me find a doctor?,Negative
Is this an AI?,Bot Challenge
How do I get to the airport?,Negative
Show me the details for Global Business Management.,Open Landing Page
How difficult is the Data Science for Predictive Analytics course?,Description
How do I view my course completion status?,Negative
Hello there,Greet
Display the course overview for Innovation Management.,Open Landing Page
Can I see the ratings and reviews of a course?,Negative
Can you provide information on scholarships for students from marginalized communities?,Negative
How do I organize my closet?,Negative
"Hey, what’s going on right now?",Greet
"Hi, anyone available for help?",Greet
What's the movie schedule for tonight?,Negative
Can you share the difficulty level of the Mechanical Engineering Fundamentals course?,Description
How do I get rid of pests in my house?,Negative
Howdy partner,Greet
Display the course overview for Business Innovation and Design.,Open Landing Page
Are there any collaboration tools available?,Negative
What's the best way to clean a laptop screen?,Negative
How difficult is the Game Development Fundamentals course?,Description
"Hello, looking for some help",Greet
Describe what you can help,Ask Features
What are the policies regarding educational support for students experiencing homelessness?,Negative
What's the difficulty level of the SQL Database Essentials course?,Description
"Hello, need some help with this",Greet
"I want to learn about data visualization, any suitable courses?",Course Search
How do I take a screenshot on my phone?,Negative
"Hi, how’s it going today?",Greet
What skills are emphasized in the Sociology of Social Change course?,Description
How do I apply for a visa?,Negative
"Hello, can we talk?",Greet
What's the best way to manage personal finances?,Negative
"Hello, what’s going on?",Greet
"Hi, can you talk?",Greet
How do I open a savings account?,Negative
How do I bake a chocolate cake?,Negative
Can you provide details about the difficulty level of the Discrete Mathematics and Logic course?,Description
Can you tell me about the rating for the History of Art course?,Description
"Hey, anyone available?",Greet
How do I file my taxes?,Negative
Explain your supported actions.,Ask Features
"Hi, how’s everything going today?",Greet
Can you recommend a good cooking blog?,Negative
What's the movie schedule for tonight?,Negative
How do I support educational initiatives through nonprofit partnerships?,Negative
How difficult is the Data Science for Financial Analysis course?,Description
Are you a digital or real assistant?,Bot Challenge
What's the name you prefer for this chat?,Ask Name
"Hi, got a minute?",Greet
How do I replace a car battery?,Negative
Are you a real person?,Bot Challenge
Can you recommend a course in operations management?,Course Search
Display the landing page for Business Law for Managers.,Open Landing Page
What kind of assistance do you provide?,Ask Features
Could you describe the skills covered in the Data Science for Beginners course?,Description
Show me the details for Business Strategy.,Open Landing Page
Search for courses in quantum physics.,Course Search
What are the policies regarding educational subsidies for low-income families?,Negative
Can you recommend a good movie streaming service?,Negative
Which skills will I learn in the Language Learning Basics course?,Description
Can you share the difficulty level of the Chemical Engineering Principles course?,Description
Could you describe the skills covered in the Computer Science Cybersecurity course?,Description
Take me to the page for Business Negotiation Strategies.,Open Landing Page
What's the best way to clean a refrigerator?,Negative
Can you suggest a course in behavioral economics?,Course Search
Access the course details for Managerial Accounting and Analysis.,Open Landing Page
Show me the details for Managerial Leadership and Decision Making.,Open Landing Page
List the tasks you can perform.,Ask Features
What name would you like me to refer to you by today?,Ask Name
"Hello, what’s up today?",Greet
Take me to the course description for Business Statistics.,Open Landing Page
How do I learn to meditate?,Negative
What's the rating for Financial Modeling for Entrepreneurs?,Description
Display the landing page for Business Process Redesign.,Open Landing Page
Take me to the course overview for Business Law.,Open Landing Page
Search for courses in biotechnology.,Course Search
What's the best way to reduce stress?,Negative
How do I make a homemade soap?,Negative
What's the best way to clean a stove top?,Negative
Anyone here?,Greet
Search for courses in neuroscience.,Course Search
Are you a digital intelligence?,Bot Challenge
Are there any courses in computational linguistics?,Course Search
Can you recommend a course in aerospace engineering?,Course Search
Explain your range of capabilities.,Ask Features
Search for courses in media culture.,Course Search
"Hi, is this a bot or person?",Bot Challenge
How do I download the course materials?,Negative
How can I support educational initiatives through corporate partnerships?,Negative
What are the online learning platforms offering courses in mathematics?,Course Search
"Hello, what's the name you want me to call you today?",Ask Name
What's the rating for the Computer Science Fundamentals course?,Description
Open the page for Business Strategy Development.,Open Landing Page
"Hello, need some guidance here",Greet
"Hello, what's the name you're using currently?",Ask Name
Can you recommend a course in the field of healthcare?,Course Search
What's the difficulty level of Advanced Java Programming?,Description
What's the best way to clean windows?,Negative
What's the best way to clean a showerhead?,Negative
Are there any discounts available for students?,Negative
How do I update my phone number on my profile?,Negative
"Hey, can we chat for a bit?",Greet
Access the course syllabus for Business Law and Corporate Governance.,Open Landing Page
"Hi, are you a machine?",Bot Challenge
"Hello, what name do you want to use at this moment?",Ask Name
How do I change the language settings?,Negative
Are you a computer assistant?,Bot Challenge
Can you suggest a course in organizational behavior?,Course Search
How is the Data Visualization Techniques course rated?,Description
Access the course details for Managerial Decision Making.,Open Landing Page
What’s up?,Greet
"Hi, is this a bot?",Bot Challenge
Search for courses in Python programming.,Course Search
Can you recommend a course in electrical engineering?,Course Search
"Hi, anyone available to chat?",Greet
Could you describe the skills covered in the Computer Science Operating Systems course?,Description
Are you a bot AI?,Bot Challenge
What tasks can you perform?,Ask Features
How do I create a holiday card?,Negative
Provide information on your features.,Ask Features
"Hi, what's your name if you don't mind me asking?",Ask Name
How do I join a live session?,Negative
Can you provide information on scholarships for students from low-income backgrounds?,Negative
Is this a chatbot or human?,Bot Challenge
What's the best way to clean blinds?,Negative
Access the course syllabus for Managerial Accounting and Financial Management.,Open Landing Page
What's the difficulty level of the Information Technology Software Development course?,Description
Can you help me plan a vacation?,Negative
How do I make a quilt?,Negative
Can I switch between courses?,Negative
How do I create a podcast?,Negative
Can you help me find a good moving company?,Negative
"Hello, what name are you using today?",Ask Name
Take me to the course overview for Strategic Financial Management.,Open Landing Page
What skills are emphasized in the Political Science of Social Movements course?,Description
"Hello, can I ask you something?",Greet
"Hi, how’s everything going?",Greet
Search for courses in game theory.,Course Search
How do I update my LinkedIn profile?,Negative
Describe your range of functions.,Ask Features
What's the time in New York right now?,Negative
"Hi, how are you?",Greet
"Hey, what's your name?",Ask Name
Are there any courses in machine translation?,Course Search
How do I cancel my gym membership?,Negative
Can you suggest a course in international relations?,Course Search
Explain what functionalities you provide.,Ask Features
What's the rating for the Business Communication Skills course?,Description
What's the best way to clean a coffee maker?,Negative
What are your areas of expertise?,Ask Features
Navigate to the page for Principles of Marketing.,Open Landing Page
"Hello, can I get some help?",Greet
Can you suggest any courses in music and arts?,Course Search
"Hello, how’s it going?",Greet
How do I learn to paint?,Negative
Can you tell me how to fix a frozen computer?,Negative
Are you an intelligent agent?,Bot Challenge
What skills will I learn in the Influencer Marketing Strategy course?,Description
Can I change my username?,Negative
"Hello, need some assistance",Greet
How do I subscribe to the newsletter?,Negative
Show me the landing page for Organizational Change Management.,Open Landing Page
What's the difficulty level of the Information Technology Web Development course?,Description
What's the best way to boost my immune system?,Negative
Which skills are included in the HTML and CSS Basics course?,Description
How would you rate the Data Analysis with R course?,Description
What are the symptoms of the flu?,Negative
Is this a human AI?,Bot Challenge
How do I get to the nearest hospital?,Negative
"I'm interested in studying in the field of physical science and engineering, any suggestions?",Course Search
How do I download an app on my phone?,Negative
How do I start a fundraiser to support course fees?,Negative
What is the best way to prepare for exams on the platform?,Negative
Can you recommend a good book to read?,Negative
Could you describe the skills covered in the Computer Science Database Management course?,Description
"Good morning, what's your name?",Ask Name
Can you recommend a good TV show?,Negative
Is this an AI or real assistant?,Bot Challenge
How do I plan a graduation party?,Negative
Can you recommend a course in aerospace engineering?,Course Search
"Hi, need some guidance",Greet
Open the landing page for Business Continuity Planning.,Open Landing Page
Show me the landing page for Corporate Entrepreneurship.,Open Landing Page
How do I apply for financial aid?,Negative
How do I view my progress reports?,Negative
How do I learn to play the guitar?,Negative
"Hi, is this an artificial intelligence?",Bot Challenge
How do I block another user?,Negative
Are you human or bot?,Bot Challenge
"Hi, can you remind me of your name?",Ask Name
What's the best way to organize a pantry?,Negative
"Hi, are you human?",Bot Challenge
Can you help me choose a gift?,Negative
What name would you like to use for this discussion?,Ask Name
Could you let me know your name?,Ask Name
Can you help me find a good pet sitter?,Negative
Are there any courses in psychology?,Course Search
Can you tell me the current exchange rate?,Negative
Search for courses in corporate culture.,Course Search
Can you suggest a course in digital marketing?,Course Search
Can you tell me about the skills covered in the French Language Basics course?,Description
How do I bake a cake?,Negative
"Hey, anyone available for a chat?",Greet
Are you a real individual?,Bot Challenge
"List your features, please.",Ask Features
What's the best way to relieve stress?,Negative
Are you a virtual assistant?,Bot Challenge
What's the difficulty level of the Information Technology IT Project Management course?,Description
What's the rating for the Business Strategy and Innovation course?,Description
What's your name for this interaction?,Ask Name
Access the course details for Brand Management.,Open Landing Page
Access the course syllabus for Business Development and Growth Strategies.,Open Landing Page
What initiatives exist for promoting career and technical education?,Negative
What name would you like me to use for this chat?,Ask Name
What's the best way to clean a grill?,Negative
Which skills are emphasized in Managerial Economics Fundamentals?,Description
"Hi, can I talk to you?",Greet
How do I register to vote?,Negative
How do I install a new operating system on my computer?,Negative
"Hi, are you a computer program?",Bot Challenge
"Hi, how’s it going today?",Greet
How do I renew my passport?,Negative
"I want to find a course in business, do you have any suggestions?",Course Search
Enumerate your supported tasks.,Ask Features
"Excuse me, what's your name?",Ask Name
How is the Python for Data Science course rated?,Description
Access the course syllabus for Financial Management for Entrepreneurs.,Open Landing Page
How do I cook a turkey?,Negative
"Hey, just checking in",Greet
How do I create a LinkedIn profile?,Negative
Is anyone available?,Greet
What's the latest news today?,Negative
Can you describe the difficulty level of Graphic Design Software Basics?,Description
Access the course details for Business Information Technology.,Open Landing Page
"Hello, are you an automated bot?",Bot Challenge
"Hi, can I get some advice here?",Greet
Can you provide information on scholarships for students pursuing careers in public service?,Negative
How do I find out about new courses added to the platform?,Negative
Can you tell me how to fix a frozen computer?,Negative
Are there any cultural festivals related to arts and humanities courses?,Course Search
Can you help me plan a family reunion?,Negative
Search for courses in mobile app development.,Course Search
What are the career prospects after completing a course in health sciences?,Course Search
How do I change a tire?,Negative
How do I fix a broken chair?,Negative
"I need to find a course for personal development, can you help?",Course Search
Open the page for Business Ethics and Leadership.,Open Landing Page
What skills can I expect to gain from the Agile Project Management Essentials course?,Description
What are the policies regarding educational support for students with mental health needs?,Negative
What can you support?,Ask Features
Can you help me find a good accountant?,Negative
Display the landing page for Service Operations Management.,Open Landing Page
Are you a human AI?,Bot Challenge
How do I access live chat support?,Negative
How would you rate the Statistical Analysis with Python course?,Description
Access the course details for Managerial Economics for Decision Making.,Open Landing Page
How do I start a garden?,Negative
Are there any courses in special education?,Course Search
How do I write a business proposal?,Negative
"Hi, anyone free?",Greet
Can I get a reminder for upcoming deadlines?,Negative
Are there any policies supporting educational opportunities for undocumented students?,Negative
Are you a human chatbot?,Bot Challenge
What's the best way to save for retirement?,Negative
What's the best way to improve my handwriting?,Negative
Are there any courses in web development?,Course Search
Can you help me plan a budget vacation?,Negative
What's the difficulty level of the Information Technology Networking course?,Description
What's the time in Tokyo right now?,Negative
How do I join a live session?,Negative
Explain what tasks you can assist with.,Ask Features
"Hi, what name should I use to address you now?",Ask Name
Enumerate the functions you provide.,Ask Features
How’s life?,Greet
"Hey, anyone here?",Greet
"Hello, are you free?",Greet
What name would you like me to address you by today?,Ask Name
Who is the current president of the United States?,Negative
List your available functionalities.,Ask Features
"Hi, quick chat?",Greet
Can I change my subscription plan?,Negative
Are there any fellowship programs supporting educational leadership development?,Negative
How do I fix a squeaky door?,Negative
"Hi, what's the name on your mind today?",Ask Name
How do I fix a broken window?,Negative
Can you suggest a course in investment analysis?,Course Search
What skills can I expect to gain from the Leadership and Management course?,Description
Can you recommend a good gardening blog?,Negative
Can you tell me about the rating for the Introduction to Arts and Humanities course?,Description
hey bot,Greet
Can you tell me about the history of World War II?,Negative
What do people call you?,Ask Name
"Hi, what's your name today?",Ask Name
Access the course details for Operations Strategy.,Open Landing Page
Explain your range of services.,Ask Features
"Hello, what should I call you?",Ask Name
Open the page for Business Model Development.,Open Landing Page
"Hi, can you help?",Greet
"Hello, what name would you like to use for this chat?",Ask Name
Search for courses in history.,Course Search
Open the landing page for Strategic Marketing.,Open Landing Page
Take me to the course description for Global Marketing.,Open Landing Page
How do I start a podcast?,Negative
What's the rating for the Business Finance Fundamentals course?,Description
Search for courses in machine learning.,Course Search
"I'm interested in Western philosophy, any courses available?",Course Search
Could you give me an idea of the difficulty level for User Interface (UI) Design Mastery?,Description
What is the platform's refund policy?,Negative
Can you recommend a course in financial accounting?,Course Search
How do I make a scrapbook?,Negative
Can you provide information about the Math and Logic Problem-Solving Techniques course difficulty level?,Description
Hey,Greet
Can I download the course videos?,Negative
"Hello, are you real?",Bot Challenge
Are you a real assistant?,Bot Challenge
Can you provide information about the skills taught in Email Marketing Strategy and Execution?,Description
"Hello, what's your given name?",Ask Name
"Hi, need some advice on this",Greet
Is this a virtual assistant or human?,Bot Challenge
Can you help me find a new apartment?,Negative
How do I use the calendar feature on the platform?,Negative
Can you recommend a good podcast for learning Spanish?,Negative
How difficult is the Data Science for Public Health course?,Description
Access the course syllabus for International Business.,Open Landing Page
"Hi, are you a digital assistant?",Bot Challenge
What kind of tasks can you handle?,Ask Features
Could you introduce yourself?,Ask Name
Can you help me plan a wedding?,Negative
Show me the landing page for Corporate Finance.,Open Landing Page
Take me to the course overview for Business Operations.,Open Landing Page
How do I plan a camping trip?,Negative
"Hey, anyone online?",Greet
Detail your range of tasks.,Ask Features
Search for courses in biotechnology.,Course Search
What skills will I learn in the Digital Marketing Strategy course?,Description
Are there any grant programs specifically for supporting STEM education?,Negative
Explain your supported services.,Ask Features
What services do you offer?,Ask Features
Search for courses in data analysis.,Course Search
How do I create a resume?,Negative
Display the landing page for Retail Business Management.,Open Landing Page
Can you recommend organizations offering assistance with course expenses?,Negative
What's the best way to clean tile grout?,Negative
Can you recommend a good workout routine?,Negative
Access the course syllabus for Global Supply Chain Management.,Open Landing Page
How do I make a smoothie?,Negative
What's the best way to manage time effectively?,Negative
Display the landing page for Financial Accounting Fundamentals.,Open Landing Page
Can you provide details about the difficulty level of the Business Analytics course?,Description
Describe your supported tasks.,Ask Features
Search for courses in culture and society.,Course Search
What initiatives exist for promoting gender equality in education?,Negative
Can you recommend a course in leadership development?,Course Search
What skills are emphasized in the Economics of Social Policy course?,Description
Display the course overview for Managerial Leadership.,Open Landing Page
Are there any tax deductions available for educational expenses?,Negative
Display the course overview for Business Process Improvement Techniques.,Open Landing Page
"Hello, can I get some help?",Greet
"Hi, what name do you prefer for this discussion?",Ask Name
How do I make a homemade pizza?,Negative
Who are you?,Greet
Search for courses in traditional medicine.,Course Search
"Hi, what name do you prefer for this conversation?",Ask Name
"Hi, how are things?",Greet
Open the landing page for Business Analytics and Data Science.,Open Landing Page
Could you give me an idea of the difficulty level for User Experience (UX) Design Mastery?,Description
Open the page for Organizational Behavior.,Open Landing Page
Can I access the courses offline?,Negative
What's the difficulty level of the Mobile App Development Fundamentals course?,Description
Nice to meet you,Greet
Which skills are included in the Python Programming for Beginners course?,Description
Can you recommend a course for personal development?,Course Search
How do I plan a road trip?,Negative
How do I change a flat tire?,Negative
"Hello, what's the name you're using currently?",Ask Name
Can you recommend resources for understanding education policy evaluation?,Negative
What's the rating for the Business Leadership and Management course?,Description
Are there any grant opportunities for educational entrepreneurship?,Negative
Access the course details for Leadership and Team Management.,Open Landing Page
Are there any courses in artificial neural networks?,Course Search
Navigate to the page for Business Law and Ethics.,Open Landing Page
"Greetings, what do you prefer to be called?",Ask Name
What's the difficulty level of the Web Development Bootcamp?,Description
Can you recommend any free courses for personal development?,Course Search
What is the address of the nearest restaurant?,Negative
How do I fix a broken pipe?,Negative
What's your name on this occasion?,Ask Name
Are you a computer?,Bot Challenge
Can you recommend resources for understanding educational tax credits?,Negative
"Hello, is anyone here?",Greet
How difficult is the Health Informatics Essentials course?,Description
How do I report a bug on the platform?,Negative
Could you give me an idea of the difficulty level for Graphic Design Mastery?,Description
Access the course details for Marketing Management for Small Business.,Open Landing Page
Can you help me find a good veterinarian?,Negative
Can you translate this sentence into Spanish?,Negative
Hello bot,Bot Challenge
"Hello, what name should I use for this conversation?",Ask Name
Search for courses in biochemistry.,Course Search
Can you provide information on scholarships for first-generation college students?,Negative
Can you suggest a course in developmental psychology?,Course Search
Open the landing page for Business Strategy Implementation.,Open Landing Page
How do I write a novel?,Negative
What's the best way to learn to dance?,Negative
Open the landing page for Strategic Brand Management.,Open Landing Page
What's the best way to improve my memory?,Negative
What's the best way to learn to bake?,Negative
Open the page for Entrepreneurial Finance.,Open Landing Page
How do I replace a door handle?,Negative
What's the best way to clean a bathtub?,Negative
Explain your supported actions.,Ask Features
What kind of tasks can you handle?,Ask Features
"Hi, what name are you going by now?",Ask Name
What's the best way to build a deck?,Negative
"Hello, is this a human?",Bot Challenge
"Hello, what's the name you want me to use for now?",Ask Name
"Hey, quick question for you",Greet
"Hi, anyone here to assist?",Greet
Ahoy,Greet
How do I organize a closet?,Negative
Open the page for Innovation and Entrepreneurship.,Open Landing Page
Display the landing page for Financial Management.,Open Landing Page
Are there any online courses specifically designed for beginners in finance?,Course Search
"Hi there, what should I call you?",Ask Name
Access the course details for Strategic Management and Leadership.,Open Landing Page
Can you share the difficulty level of the Physical Science and Engineering Fundamentals course?,Description
What is the policy for missed deadlines?,Negative
Could you describe the skills covered in the Computer Science Algorithms course?,Description
Access the course details for Business Valuation.,Open Landing Page
"Salutations, may I know your name?",Ask Name
Are you an AI digital assistant?,Bot Challenge
How do I make a reservation at a hotel?,Negative
Open the course page for Database Management Systems.,Open Landing Page
Display the landing page for Entrepreneurship and Innovation.,Open Landing Page
How difficult is the 3D Animation Fundamentals course?,Description
How difficult is the Game Development Fundamentals course?,Description
Can you recommend a course in electrical engineering?,Course Search
Open the landing page for Corporate Strategy.,Open Landing Page
Can you recommend a good home improvement show?,Negative
How do I plan a baby shower?,Negative
How is the Personal Development Strategies course rated?,Description
Access the course syllabus for Business Law and Ethics.,Open Landing Page
"Hi, how have you been?",Greet
"Hi, what's the name I should use?",Ask Name
How do I open a bank account?,Negative
How do I find my family history?,Negative
What's the name you'd like me to use for this conversation?,Ask Name
Are there any courses in international business?,Course Search
How do I write a research paper?,Negative
How do I start a podcast?,Negative
Display the landing page for Financial Analysis and Decision Making.,Open Landing Page
How difficult is the Game Design Fundamentals course?,Description
How do I make a candle?,Negative
Are you real?,Bot Challenge
Which functions do you provide?,Ask Features
How do I start a podcast?,Negative
Can you recommend a good financial blog?,Negative
Are you a real AI assistant?,Bot Challenge
What are the networking events available for students in physical science and engineering courses?,Course Search
"Good afternoon, what's your name?",Ask Name
Display the landing page for Financial Management for Entrepreneurs.,Open Landing Page
How do I track my learning progress?,Negative
Search for courses in linguistics.,Course Search
Can you explain your services?,Ask Features
Can you detail your supported tasks?,Ask Features
"Hi, are you an AI or real?",Bot Challenge
How can I support educational initiatives through philanthropic foundations?,Negative
How can I access course materials for information technology studies?,Course Search
"Hi, anyone here for a chat?",Greet
Can you recommend a course in the field of physical science and engineering?,Course Search
Are there any grant opportunities for educational technology startups?,Negative
What initiatives exist for promoting environmental education?,Negative
"Hi, how’s everything?",Greet
How do I set up a study group?,Negative
How do I add a course to my wishlist?,Negative
What are your features?,Ask Features
What initiatives exist for promoting financial literacy education?,Negative
What's your name?,Ask Name
"Hi, what's the name you'd like me to address you by now?",Ask Name
Access the course details for Retail Marketing.,Open Landing Page
"Hi, what name do you want me to use now?",Ask Name
Take me to the page for Digital Business Transformation.,Open Landing Page
Can you help me write an essay?,Negative
Are there any policies regarding educational opportunities for incarcerated individuals?,Negative
"Hi, can you assist me?",Greet
Can you recommend a good hair care product?,Negative
Can you provide information about the Math and Logic Decision-Making Strategies course difficulty level?,Description
"Hi, what’s up?",Greet
Can you provide information on tax-exempt organizations supporting educational causes?,Negative
Can you share the rating for Social Media Marketing Mastery?,Description
What's your name in full?,Ask Name
Can you share the rating for Content Creation Mastery?,Description
How do I install antivirus software?,Negative
Can you tell me about the skills covered in the German Language Basics course?,Description
How can I participate in research projects in social sciences courses?,Course Search
Can you help me find a good real estate agent?,Negative
How do I connect my social media accounts to my profile?,Negative
"Hey, can we talk about this?",Greet
What is the platform's policy on academic honesty?,Negative
"Excuse me, could you tell me your name?",Ask Name
Can you suggest a course for learning graphic design?,Course Search
What skills are emphasized in the Social Sciences Research Methods course?,Description
Can you recommend a course in mechanical engineering?,Course Search
Are there any courses in math and logic?,Course Search
Which skills are included in the Python Programming for Beginners course?,Description
"Hi, are you a human or AI?",Bot Challenge
Hi bot,Greet
Are you a real human?,Bot Challenge
Explain your supported tasks.,Ask Features
What are the best resources for learning coding?,Course Search
Describe your capabilities.,Ask Features
What's the difficulty level of the Data Science Bootcamp?,Description
Are there any policies supporting educational opportunities for refugee children?,Negative
Enumerate your supported functions.,Ask Features
"Good evening, what's your name?",Ask Name
Can I see the ratings and reviews of a course?,Negative
What's the best way to boost my immune system?,Negative
What are the policies regarding educational support for homeless youth?,Negative
How do I delete my account?,Negative
How do I change the oil in my car?,Negative
Take me to the page for Project Management Fundamentals.,Open Landing Page
"Hey, are you there?",Greet
Show me the landing page for Business Negotiation.,Open Landing Page
Display the landing page for E-commerce Strategies.,Open Landing Page
Can you recommend a good parenting book?,Negative
What policies are in place to address educational disparities in rural areas?,Negative
"Hi, what are you up to?",Greet
Search for courses in math and logic.,Course Search
Which skills will I learn in the Japanese Language Learning course?,Description
What services are within your scope?,Ask Features
What's the best way to learn how to swim?,Negative
How is the Data Mining Techniques course rated?,Description
"Hello, may I have your name?",Ask Name
"Hi, are you a chatbot or real?",Bot Challenge
Can you share the difficulty level of the Materials Engineering Fundamentals course?,Description
What's the best way to clean an oven?,Negative
Can I access the courses offline?,Negative
Which skills will I learn in the German Language Learning course?,Description
How can I lose weight quickly?,Negative
"Hey, how’s everything?",Greet
Can you recommend any online communities for information technology enthusiasts?,Course Search
What's the population of Canada?,Negative
Are you a human AI assistant?,Bot Challenge
What's the difficulty level of the Information Technology Database Administration course?,Description
Are you a real chatbot?,Bot Challenge
How is the C++ Programming for Beginners course rated?,Description
What's the price of gold today?,Negative
Can you recommend a course in mechanical engineering?,Course Search
Access the course syllabus for Organizational Development.,Open Landing Page
Open the landing page for Introduction to Business Administration.,Open Landing Page
Can I transfer credits from other institutions?,Negative
What's the best way to improve my vocabulary?,Negative
"Hey, need to talk to someone",Greet
What are the art residencies available for arts and humanities students?,Course Search
How do I create a marketing plan?,Negative
Show me the course details for Marketing Strategy.,Open Landing Page
Is this a digital AI?,Bot Challenge
"Hey, need to talk to someone",Greet
Are there any discounts available for students?,Negative
Can you recommend a course in project management?,Course Search
"Hello, what name are you using for this interaction?",Ask Name
Could you describe the skills covered in the Computer Science Artificial Intelligence course?,Description
Describe your supported functionalities.,Ask Features
Show me the course details for Computer Networking Fundamentals.,Open Landing Page
Can you help me plan a charity event?,Negative
What's the difficulty level of the Android App Development Fundamentals course?,Description
How do I set up a home Wi-Fi network?,Negative
Access the course syllabus for Corporate Governance.,Open Landing Page
How do I file a complaint with the Better Business Bureau?,Negative
How do I create a YouTube channel?,Negative
What's the difficulty level of the Information Technology Essentials course?,Description
Break down your functions.,Ask Features
Can you help me find a good restaurant?,Negative
Can you provide information on scholarships for specific fields of study?,Negative
"Hey, got a question for you",Greet
"Hi, anyone around to help?",Greet
Are you a real digital assistant?,Bot Challenge
Can you suggest a course in philosophy?,Course Search
How difficult is the Data Science for Big Data Analytics course?,Description
"Hi, need to discuss something",Greet
Can I get a transcript of my completed courses?,Negative
"Yo, what do you go by?",Ask Name
"Hello, quick question for you",Greet
Can you recommend resources for understanding education funding disparities?,Negative
Are there any courses in business analytics?,Course Search
Are there any mentor programs available?,Negative
"Hey, what’s going on today?",Greet
"Hello, what name are you comfortable with for this chat?",Ask Name
What's the rating for the Deep Learning Essentials course?,Description
Take me to the page for Business Negotiation and Mediation.,Open Landing Page
Detail your supported functionalities.,Ask Features
Ey bot,Greet
Can I share my account with someone else?,Negative
"Hi, are you a real entity?",Bot Challenge
"Hello, got a second?",Greet
How do I download the course materials?,Negative
How do I fix a broken fence?,Negative
Can you share the rating for Email Marketing Mastery?,Description
Access the course syllabus for Business Law for Entrepreneurs.,Open Landing Page
Can you tell me about the rating for the Creative Writing course?,Description
Search for courses in corporate culture.,Course Search
How do I view the syllabus of a course?,Negative
What's the difficulty level of the iOS App Development Fundamentals course?,Description
Can you recommend a good online forum for parents?,Negative
"Hi, anyone online?",Greet
Open the landing page for Business Innovation and Growth.,Open Landing Page
How do I create a PowerPoint presentation?,Negative
How do I create a meal plan?,Negative
"Hello, need help with something",Greet
Can you provide information on charitable organizations supporting education?,Negative
Take me to the course description for Business Negotiation Skills.,Open Landing Page
Can you help me find a new apartment?,Negative
How do I start a blog?,Negative
What are the research opportunities available in math and logic courses?,Course Search
Search for courses in Python programming.,Course Search
Can you suggest any online resources for learning web development?,Course Search
How do I start an online store?,Negative
Which skills will I learn in the Russian Language Learning course?,Description
Open the landing page for Introduction to Computer Science.,Open Landing Page
What's the difficulty level of the Information Technology Cloud Computing course?,Description
Open the page for Managerial Economics and Strategy.,Open Landing Page
How do I fix a clogged drain?,Negative
Show me the details for Business Leadership Development.,Open Landing Page
How do I create a social media strategy?,Negative
"Hello, can I ask something?",Greet
"Hello, what's your current preferred name?",Ask Name
"I want to find a course in business, do you have any suggestions?",Course Search
Take me to the course overview for Business Process Management Framework.,Open Landing Page
What kind of support do you provide?,Ask Features
How do I reset my password on the platform?,Negative
"Hello, are you a bot?",Bot Challenge
What policies are in place to address disparities in access to educational resources?,Negative
Explain your range of features.,Ask Features
How do I learn to play the piano?,Negative
How do I earn a certificate for a course?,Negative
How is the Data Visualization Techniques course rated?,Description
What skills are emphasized in the Social Psychology of Group Dynamics course?,Description
What tasks are you capable of performing?,Ask Features
Can you recommend a course in educational psychology?,Course Search
I want to book a flight ticket.,Negative
"Hi, anyone online to chat?",Greet
Open the page for Marketing Analytics.,Open Landing Page
Are there any courses in computer programming?,Course Search
How do I create a family budget?,Negative
Which skills are included in the JavaScript Programming for Beginners course?,Description
What's the best way to learn a new language?,Negative
Can you provide information on international aid for educational initiatives?,Negative
Describe your supported services.,Ask Features
What's the best way to clean a car interior?,Negative
Are there any crowdfunding platforms specifically for educational purposes?,Negative
"Hey, are you an AI assistant?",Bot Challenge
Can you share the difficulty level of the Aerospace Engineering Fundamentals course?,Description
Access the course details for New Venture Creation.,Open Landing Page
How do I set up a new email account?,Negative
Take me to the page for Managerial Communication.,Open Landing Page
How do I update my software?,Negative
"Hey, can we discuss this?",Greet
Can I audit a course in social sciences without receiving a certificate?,Course Search
How do I join the affiliate program?,Negative
How do I start a YouTube channel?,Negative
Can you suggest a course in marketing management?,Course Search
"Hello, need some assistance",Greet
I need advice on stock investment.,Negative
Take me to the page for Financial Markets and Institutions.,Open Landing Page
Search for courses in data analysis.,Course Search
Search for courses in media culture.,Course Search
"I'm interested in digital art, are there any courses available?",Course Search
"I want to study artificial intelligence, can you suggest a course?",Course Search
What's your name for this chat?,Ask Name
Pleasure to meet you,Greet
Can you recommend a good meditation app?,Negative
Describe your range of support.,Ask Features
How do I delete my Instagram account?,Negative
Are there any scholarships specifically for online course enrollment?,Negative
"Hi, can we chat for a second?",Greet
Can you suggest a course in digital art?,Course Search
What are the laboratory facilities like for physical science and engineering courses?,Course Search
Are there any courses in game development?,Course Search
Take me to the course description for Business Innovation.,Open Landing Page
What skills can I expect to gain from the Project Management Essentials course?,Description
Can you provide information about the Math and Logic Mathematical Modeling course difficulty level?,Description
"Hi, anyone available to assist?",Greet
How are things?,Greet
Are you an AI system?,Bot Challenge
What happens if I fail a course?,Negative
What's the capital of France?,Negative
How do I enable notifications for course updates?,Negative
"Hello, what name are you using right now?",Ask Name
"Hi, need to ask something quick",Greet
Can I get a refund for a course I didn't like?,Negative
Are there any government initiatives for reducing student loan debt related to courses?,Negative
"Hello, anyone free?",Greet
What initiatives exist for supporting adult learners with course fees?,Negative
Is this a human or bot?,Bot Challenge
How can I request a new feature for the platform?,Negative
Show me the details for Business Ethics and Social Responsibility.,Open Landing Page
Access the landing page for Object-Oriented Programming.,Open Landing Page
Are there any discounts available for language learning courses?,Course Search
Can you share your name with me?,Ask Name
How do I apply for a business loan?,Negative
Can you tell me about the history of Egypt?,Negative
Can you help me write an essay?,Negative
How do I prepare for a marathon?,Negative
What's the rating for the Natural Language Processing Essentials course?,Description
Are there any live Q&A sessions with instructors?,Negative
Are there any immersion programs for language learning courses?,Course Search
Access the course details for Entrepreneurial Marketing.,Open Landing Page
Which skills will I learn in the Chinese Language Learning course?,Description
Could you describe the skills covered in the Computer Science Data Mining course?,Description
Can you recommend resources for understanding education policy implementation challenges?,Negative
What skills are covered in Conflict Resolution Management Essentials?,Description
Is this a real or bot?,Bot Challenge
How do I contact an instructor?,Negative
What's the best way to clean a carpet?,Negative
Display the landing page for International Trade and Finance.,Open Landing Page
Are there any group discounts available?,Negative
Take me to the course overview for Sustainable Business Practices.,Open Landing Page
What skills are covered in Employee Relations Management Essentials?,Description
Can you provide information about the Math and Logic Foundations course difficulty level?,Description
Search for courses in language learning.,Course Search
What's the difficulty level of the Information Technology Project Management course?,Description
Display the landing page for Organizational Leadership.,Open Landing Page
Can you recommend any web development conferences to attend?,Course Search
What do you specialize in?,Ask Features
What is the address of the nearest restaurant?,Negative
Take me to the page for Business Model Innovation.,Open Landing Page
How do I apply for a credit card?,Negative
What's the best way to save money?,Negative
How do I plan a birthday party?,Negative
Are there any courses in special education?,Course Search
What's the rating for Financial Management for Entrepreneurs?,Description
Are there any community programs providing support for course materials?,Negative
Are there any courses in natural language processing?,Course Search
Describe what functionalities you offer.,Ask Features
"Pardon me, what do you go by?",Ask Name
How do I report a bug on the platform?,Negative
Enumerate your supported functionalities.,Ask Features
Can you help me find a new hobby?,Negative
What skills are emphasized in the Psychology of Social Behavior course?,Description
Can I pause my course and resume later?,Negative
"Hey, what’s happening today?",Greet
How is the Python for Data Science course rated?,Description
Is this a real person?,Bot Challenge
How do I learn to play tennis?,Negative
Take me to the course overview for Business Process Integration.,Open Landing Page
Are you a human or computer?,Bot Challenge
"Hi, is this a digital assistant?",Bot Challenge
Hey there,Greet
Can you recommend a course in consumer behavior?,Course Search
How do I turn off email notifications?,Negative
How do I make a homemade gift?,Negative
"Hello, got a moment?",Greet
Can you recommend a course in resource management?,Course Search
Can I save courses for offline viewing?,Negative
Can you suggest any courses in music and arts?,Course Search
Can you tell me a joke?,Negative
"Hi, how’s your day?",Greet
Can you recommend a course in environmental science?,Course Search
"Hello, can you assist me?",Greet
Can you recommend a good book?,Negative
Access the landing page for Software Engineering Principles.,Open Landing Page
How do I access the discussion forums?,Negative
What tasks can you help with?,Ask Features
"Hey, need some advice",Greet
What is the privacy policy of this platform?,Negative
find me machine learning course i contain python Multiple Regression skill build model,Course Search
How do I fix a broken zipper?,Negative
What's the difficulty level of Intermediate Java Programming?,Description
"Hello, anyone here?",Greet
Are there any policies supporting educational opportunities for students with incarcerated parents?,Negative
Can you suggest a course in digital art?,Course Search
What are the system requirements for using the platform?,Negative
What are the policies regarding educational assistance for refugees?,Negative
"Hi, are you there?",Greet
Are there any internships associated with the courses?,Negative
Open the landing page for Business Process Analysis.,Open Landing Page
"Hi, what’s new today?",Greet
Can you recommend a course in automatic control?,Course Search
Which skills are emphasized in Managerial Accounting Fundamentals?,Description
"I'm interested in philosophy, are there any courses available?",Course Search
Describe what you specialize in.,Ask Features
Can you recommend a course in resource management?,Course Search
Is this a computer or person?,Bot Challenge
What's the best way to build muscle?,Negative
Detail your range of assistance.,Ask Features
How is the Stress Management and Wellness course rated?,Description
Hi,Greet
How do I create a workout plan?,Negative
What's the best way to clean a BBQ grill?,Negative
Are there any courses in international business?,Course Search
How can I advocate for increased funding for public education?,Negative
Explain your abilities.,Ask Features
Are there any courses in speech therapy?,Course Search
"Hello, anyone available to talk?",Greet
How do I fix a broken zipper?,Negative
Can you share the difficulty level of the Mechanical Engineering Materials course?,Description
Can you tell me a joke?,Negative
What's your name for the records?,Ask Name
Enumerate your supported features.,Ask Features
Show me the landing page for Business Analysis.,Open Landing Page
How can I advocate for inclusive curriculum representation?,Negative
Share your features with me.,Ask Features
How do I learn to play the drums?,Negative
"Hey, how’s it going?",Greet
How do I apply for a scholarship?,Negative
"Hi, need some guidance on this",Greet
What's the best way to study for exams?,Negative
Enumerate your features.,Ask Features
Are there any courses in child psychology?,Course Search
Greetings,Greet
Can you suggest a course in human resource management?,Course Search
Take me to the page for Managerial Decision Making and Leadership.,Open Landing Page
"Hello, need some help here",Greet
Search for courses in culture and society.,Course Search
"Hello, what name are you using today?",Ask Name
Can you recommend a good recipe website?,Negative
Search for courses in graphic design.,Course Search
How can I contribute to educational policy reform?,Negative
Are there any partner programs available?,Negative
Hey AI,Bot Challenge
What's the rating for the Artificial Intelligence Essentials course?,Description
Can you share the difficulty level of the Electrical Engineering Principles course?,Description
Show me the details for Organizational Development and Change Management.,Open Landing Page
Can you recommend a good DIY blog?,Negative
Hey human,Bot Challenge
"Hi, anyone available?",Greet
Can you suggest any conferences for healthcare professionals?,Course Search
Are there any courses in iOS mobile app development?,Course Search
How do I find my purchase history?,Negative
Take me to the page for Small Business Management.,Open Landing Page
"Hello, what's your name again?",Ask Name
Show me the details for Business Process Optimization.,Open Landing Page
Can you recommend resources for understanding global education policies?,Negative
Are you an artificial bot?,Bot Challenge
Tell me about your functions.,Ask Features
How is the Leadership and Team Management course rated?,Description
What happens if I fail a course?,Negative
Can you recommend a good language learning app?,Negative
Can you provide details on your features?,Ask Features
Search for courses in molecular biology.,Course Search
"Hi, can we talk for a second?",Greet
Can you suggest a course in cognitive psychology?,Course Search
"Hello, can you talk?",Greet
Are there any course bundles available?,Negative
What should I do if I encounter a technical issue during a course?,Negative
Is this an AI or human?,Bot Challenge
hey you,Greet
Are there any policies supporting educational access for LGBTQ+ students?,Negative
How can I donate to educational initiatives?,Negative
Are there any scholarships available for business courses?,Course Search
Tell me about your capabilities.,Ask Features
Hola,Greet
What are the community guidelines?,Negative
How do I create a playlist on Spotify?,Negative
Take me to the course overview for Business Risk Assessment.,Open Landing Page
Can you tell me the current exchange rate?,Negative
How difficult is the Data Science for Environmental Science course?,Description
Are there any courses in social sciences?,Course Search
Are there any grant programs specifically for supporting arts education?,Negative
"hey bot, let talk",Greet
How is the Time Management and Productivity course rated?,Description
How are you doing?,Greet
"Hi, are you a bot or real person?",Bot Challenge
What's the difficulty level of Intermediate Python Programming?,Description
Could you elaborate on your capabilities?,Ask Features
Can you recommend a good online course for coding?,Negative
Describe your supported functions.,Ask Features
How do I check my internet connection for course streaming?,Negative
"Hi, is anyone available?",Greet
Can you explain your range of support?,Ask Features
"Hi, are you a real or bot?",Bot Challenge
Can you help me find a good gym?,Negative
Can you tell me a fun fact?,Negative
Can you tell me about the rating for the Photography Basics course?,Description
What's the name you want me to use today?,Ask Name
Could you describe the skills covered in the Computer Science Computer Networks course?,Description
Show me the course syllabus for Business Process Management.,Open Landing Page
Open the landing page for Strategic Management Consulting.,Open Landing Page
Are there any courses in chemical engineering?,Course Search
I need psychological counseling.,Negative
Are there any policies supporting educational opportunities for indigenous communities?,Negative
"I'm interested in data science, any suggestions for me?",Course Search
What are your supported actions?,Ask Features
Tell me about your capabilities.,Ask Features
Can you help me find a good cleaning service?,Negative
"Hello, are you a machine?",Bot Challenge
Can you recommend a course in organizational development?,Course Search
Take me to the page for Business Performance Metrics.,Open Landing Page
Can you recommend any literature for arts and humanities courses?,Course Search
What initiatives are in place to address the digital divide in education?,Negative
How can I advocate for inclusive language policies in educational settings?,Negative
Are there any part-time options available for engineering courses?,Course Search
"Hey, anyone here for a quick chat?",Greet
How do I fix a leaky faucet?,Negative
How do I verify my student status for a discount?,Negative
Search for courses in history.,Course Search
How’s it going?,Greet
"Hello, what name are you comfortable with now?",Ask Name
"Hello, anyone here to help?",Greet
Show me the landing page for Business Process Reengineering and Optimization.,Open Landing Page
How do I start a blog?,Negative
Display the course overview for Strategic Human Resource Management.,Open Landing Page
"Hey, need some help?",Greet
Explain your areas of expertise.,Ask Features
Open the page for Retail Management.,Open Landing Page
"I'm curious, what's your name?",Ask Name
Good evening,Greet
Take me to the course overview for Business Research Methods.,Open Landing Page
Can you recommend resources for understanding educational policy implementation?,Negative
"I want to study artificial intelligence, can you suggest a course?",Course Search
"Hi, what’s happening?",Greet
What initiatives exist for promoting mental health education in schools?,Negative
Are there any grants available for educational technology implementation?,Negative
What initiatives are in place to support underprivileged students with course fees?,Negative
What tasks do you specialize in?,Ask Features
Display the landing page for Managerial Economics and Business Strategy.,Open Landing Page
"Hi, can I get some advice?",Greet
How can I change my email address on the platform?,Negative
How do I transfer money internationally?,Negative
How can I enroll in online courses?,Course Search
"Hello, can we discuss?",Greet
Take me to the course overview for Negotiation and Conflict Resolution.,Open Landing Page
What's the difficulty level of the Information Technology Security course?,Description
How do I make a homemade mask?,Negative
Can you tell me about the skills covered in the Spanish Language Basics course?,Description
Can you provide details on corporate sponsorship for educational programs?,Negative
Are there any government grants available for course enrollment?,Negative
What's the best way to clean a blender?,Negative
Can I extend my course access period?,Negative
What's the rating for the Machine Learning Algorithms course?,Description
"Hi there, what's your name?",Ask Name
"Hi, are you free?",Greet
Explore the details of Artificial Intelligence Essentials.,Open Landing Page
"Hello, can we talk?",Greet
What's the difficulty level of Advanced Java Programming?,Description
"Hello, is anyone here to help?",Greet
Explain your range of assistance.,Ask Features
How is the Ruby Programming for Beginners course rated?,Description
Take me to the course overview for Entrepreneurial Leadership.,Open Landing Page
Can you recommend a good skincare routine?,Negative
"Hello, are you an AI?",Bot Challenge
Are you an automated system?,Bot Challenge
Who is the current president of the United States?,Negative
Can you tell me about the rating for the Introduction to Philosophy course?,Description
Can you provide information on grant opportunities for educational innovation?,Negative
Can you recommend a good travel agency?,Negative
Show me the landing page for Business Sustainability Management.,Open Landing Page
Name what?,Ask Name
Could you give me an idea of the difficulty level for Front-End Web Development Mastery?,Description
How can I advocate for increased funding for early childhood education?,Negative
"Hi, just wanted to say hi",Greet
How do I create a budget plan?,Negative
List the services you offer.,Ask Features
How do I create a budget?,Negative
"Hi, anyone available to talk?",Greet
Open the page for Global Business Environment.,Open Landing Page
How do I find accredited online courses?,Course Search
Which skills are emphasized in Financial Accounting Fundamentals?,Description
How do I make a birthday cake?,Negative
Can you recommend a course in geotechnical engineering?,Course Search
How do I access my saved notes?,Negative
How do I reset my password on the platform?,Negative
Are there any grants available for community-based educational programs?,Negative
Navigate to TensorFlow for AI course,Open Landing Page
Take me to the course description for Digital Marketing.,Open Landing Page
Can you suggest any online portfolios for web development courses?,Course Search
let make talk my bot,Greet
Can I cancel my subscription at any time?,Negative
Display the landing page for Financial Markets and Investments.,Open Landing Page
Describe the range of services you offer.,Ask Features
"Hi, is this a computer or real?",Bot Challenge
How do I check my credit score?,Negative
What's the weather like today?,Negative
What's the difficulty level of the Android Game Development Fundamentals course?,Description
Can you tell me about the rating for the Fine Arts Appreciation course?,Description
How do I change my Facebook password?,Negative
How do I create a wedding registry?,Negative
Can you provide information on scholarships for students with disabilities?,Negative
What can you do?,Ask Features
What kind of support do you provide?,Ask Features
How do I register for a library card?,Negative
"Hi, are you around?",Greet
Can you elaborate on your capabilities?,Ask Features
How do I advocate for inclusive curriculum policies?,Negative
Can I print my course certificate?,Negative
Search for courses in robotics.,Course Search
Detail your range of functionalities.,Ask Features
Are there any grant programs specifically for supporting bilingual education?,Negative
"I'm looking for a course in communication skills, can you help?",Course Search
Can you suggest a course in English?,Course Search
"Hi, anyone here?",Greet
"Hi, anyone available to chat?",Greet
Explain your areas of expertise.,Ask Features
How do I contact customer support?,Negative
Can you recommend resources for understanding educational funding policies?,Negative
How can I contribute to educational initiatives in developing countries?,Negative
"Hi, need some help with this issue",Greet
Explain your range of tasks.,Ask Features
Are there any scholarships available for course fees?,Negative
Are there any courses in computer programming?,Course Search
"Hello, need assistance",Greet
"Hey, can we discuss something?",Greet
Can you describe the difficulty level of Digital Illustration Basics?,Description
Can I access my courses from multiple devices?,Negative
"Sorry, I didn't catch your name.",Ask Name
"Hey, what’s going on today?",Greet
Can I switch from a monthly to a yearly subscription?,Negative
What should I do if a course is not loading properly?,Negative
Can you help me decorate my living room?,Negative
"Hi, what’s up with you?",Greet
"Hey, can we discuss something here?",Greet
Can you tell me about the rating for the Theater and Performance Studies course?,Description
How can I get involved in volunteering for healthcare causes while studying?,Course Search
What's the rating for the Business Accounting Principles course?,Description
Can you suggest a course in urban planning?,Course Search
"Hi, what’s happening today?",Greet
Search for courses in traditional medicine.,Course Search
Describe the functionalities you excel in.,Ask Features
"Hello, who’s there?",Greet
Can you explain your supported services?,Ask Features
"Hey, what’s up?",Greet
Are you human?,Bot Challenge
Are there any online forums for students of social sciences courses to discuss topics?,Course Search
What's the best way to clean a dishwasher?,Negative
Can you recommend a good skincare routine?,Negative
Detail your functionalities.,Ask Features
Are there any courses in iOS mobile app development?,Course Search
What payment methods are accepted?,Negative
Search for courses in data mining.,Course Search
Can you recommend resources for understanding educational funding models?,Negative
Can you describe the difficulty level of the Adobe Photoshop Basics?,Description
How do I make a compost bin?,Negative
Can you recommend a course in entrepreneurship?,Course Search
Show me the landing page for Business Growth Strategies.,Open Landing Page
Open the page for Business Data Analysis.,Open Landing Page
Access the course syllabus for Strategic Leadership.,Open Landing Page
Are the courses self-paced or scheduled?,Negative
"Hello, anyone available?",Greet
Display the landing page for Sales Management.,Open Landing Page
How do I sew a button?,Negative
"Hey, anyone online right now?",Greet
Describe your range of functionalities.,Ask Features
"Hello, anyone online to help?",Greet
What's the rating for the Business Marketing Essentials course?,Description
What should I address you as?,Ask Name
"Hello, anyone around to chat?",Greet
Can you share the rating for Social Media Marketing Mastery?,Description
Detail your range of functions.,Ask Features
Can you help me find a good podcast?,Negative
How do I start a YouTube channel?,Negative
What's the meaning of life?,Negative
Show me the landing page for Corporate Governance and Business Ethics.,Open Landing Page
How do I update my payment information?,Negative
What's the rating for the Business Leadership Essentials course?,Description
Can you suggest a course in computer networking?,Course Search
"Hey, got a minute to talk?",Greet
"Hi, what name do you want me to call you for this discussion?",Ask Name
What are the current environmental policies in place?,Negative
What's the best way to clean windows?,Negative
Are you an AI or real person?,Bot Challenge
"Hey, how’s it going?",Greet
"Hi, got a second?",Greet
Access the course overview for Business Ethics and Corporate Governance.,Open Landing Page
Can you tell me about the skills covered in the Chinese Language Basics course?,Description
What kind of features do you offer?,Ask Features
What skills are emphasized in the Anthropology of Social Institutions course?,Description
Display the course overview for Business Operations Management.,Open Landing Page
How do I download a video from YouTube?,Negative
How would you rate the Data Analysis with R course?,Description
What initiatives exist for promoting cultural competency in education?,Negative
Can you recommend a course in environmental science?,Course Search
Can you recommend a good travel blog?,Negative
Can you help me with my garden?,Negative
Display the course overview for International Business Strategy.,Open Landing Page
How can I advocate for equitable funding distribution in education?,Negative
Describe your range of tasks.,Ask Features
Can you recommend a course in public health?,Course Search
"I want to learn about data visualization, any suitable courses?",Course Search
Display the course overview for Business Process Mapping.,Open Landing Page
"Hi, what name are you feeling today?",Ask Name
Search for courses in computer graphics.,Course Search
Which skills will I learn in the Spanish Language Learning course?,Description
"Hey, need your help",Greet
Open the landing page for Supply Chain Strategy.,Open Landing Page
"Hey, what’s happening?",Greet
Open the landing page for Corporate Social Responsibility.,Open Landing Page
Can I upload my own content to the platform?,Negative
Can you provide information on nonprofit organizations offering educational grants?,Negative
What's the difficulty level of the Python for Machine Learning course?,Description
Provide details on your features.,Ask Features
Explain what kind of features you offer.,Ask Features
"Hello, what's the name you'd like to go by now?",Ask Name
Can you recommend a course in automatic control?,Course Search
Search for courses in data science.,Course Search
How do I support educational initiatives through cross-sector collaboration?,Negative
Open the landing page for Business Foundations.,Open Landing Page
Which skills are emphasized in Financial Accounting Fundamentals?,Description
Open the page for Business Development Strategies.,Open Landing Page
How do I give feedback about a course?,Negative
How do I know if a course is accredited?,Negative
Are there any courses in data engineering?,Course Search
How do I support educational policy reform at the local level?,Negative
Can you recommend a course in project management?,Course Search
"Hi, anyone free to talk?",Greet
What’s new?,Greet
How do I participate in a course discussion?,Negative
How have you been?,Greet
How do I access course transcripts?,Negative
How is the Data Visualization with Tableau course rated?,Description
Show me the details for International Business Negotiation.,Open Landing Page
Could you describe the skills covered in the Computer Science Computer Graphics course?,Description
"Hi, can you assist me with this?",Greet
How do I get rid of a cold?,Negative
"Good day, what's your name?",Ask Name
What's your present name?,Ask Name
"Hi, anyone around?",Greet
How do I support educational equity through policy advocacy?,Negative
What's the difficulty level of the Machine Learning course?,Description
How can I transfer credits between courses?,Course Search
Are you a human chatbot or AI?,Bot Challenge
"Hi, can we talk?",Greet
"Hey, are you a chatbot?",Bot Challenge
Can you help me find a good dentist?,Negative
Are there any prerequisites for enrolling in a course?,Negative
What's the best way to clean hardwood floors?,Negative
How do I support educational initiatives through legislative advocacy?,Negative
May I know your name?,Ask Name
Can you suggest a course in business management?,Course Search
How do I create a flower arrangement?,Negative
"Hello, need some advice",Greet
Access the course details for Marketing Management.,Open Landing Page
Are you an AI chatbot?,Bot Challenge
How do I build a website?,Negative
How do I access special offers and promotions?,Negative
"Hi, what's the name on your mind?",Ask Name
What are the eligibility criteria for financial aid for courses?,Negative
Show me the details for Business Leadership.,Open Landing Page
Open the page for Business Strategy and Competitive Advantage.,Open Landing Page
Show me the landing page for Technology Management.,Open Landing Page
Take me to the page for Innovation Strategy.,Open Landing Page
What’s happening?,Greet
What's the best way to cook a steak?,Negative
Can you recommend resources for understanding corporate social responsibility in education?,Negative
"I want to learn about mobile app development, can you help?",Course Search
How do I make a photo album?,Negative
What name would you like to be addressed by today?,Ask Name
Can you recommend any documentaries for social sciences courses?,Course Search
"Hi, what's the name you're using now?",Ask Name
Describe your functionality.,Ask Features
Search for courses in data science.,Course Search
List your available features.,Ask Features
I'm looking for a job.,Negative
Display the course overview for Business Process Reengineering.,Open Landing Page
Enumerate your supported actions.,Ask Features
How do I set up a home security system?,Negative
How do I support educational initiatives through community-based organizations?,Negative
"Hi, what’s happening?",Greet
How do I prepare for a job interview?,Negative
"Hi, are you a real chatbot?",Bot Challenge
"Hey, can you help me?",Greet
What's the best way to travel around Europe?,Negative
Are there any group discounts available?,Negative
What are the policies regarding educational assistance for individuals with disabilities?,Negative
Can you provide information about the Math and Logic Probability and Statistics course difficulty level?,Description
What's your name at the moment?,Ask Name
Are there any courses in child psychology?,Course Search
What kind of tasks are you good at?,Ask Features
Describe the services you excel in.,Ask Features
What government incentives exist for employers to invest in employee education?,Negative
What's the best way to deal with anxiety?,Negative
"Hi, what name are you feeling for this interaction?",Ask Name
Can you help me find a good contractor?,Negative
"Hi, need to ask something",Greet
How do I support educational initiatives through community organizing?,Negative
What's the rating for the Business Ethics and Corporate Responsibility course?,Description
"Hi, are you an automated bot?",Bot Challenge
Can you recommend a course in risk management?,Course Search
Can you tell me about the rating for the Literature and Composition course?,Description
How difficult is the Data Science for Marketing Analytics course?,Description
"Hey, are you a bot?",Bot Challenge
Are there any courses in speech therapy?,Course Search
"Hi, can we talk for a minute?",Greet
Are you a real person or bot?,Bot Challenge
How do I participate in course surveys?,Negative
Take me to the course overview for Business Process Automation.,Open Landing Page
"Hi, how’s everything going?",Greet
"Hi, is this a real assistant?",Bot Challenge
Can I gift a course to someone else?,Negative
Can you recommend a course in business management?,Course Search
Display the landing page for Business Process Outsourcing.,Open Landing Page
What kind of assistance do you offer?,Ask Features
Bonjour,Greet
"Hi, what name would you like me to call you today?",Ask Name
How do I apply for a mortgage?,Negative
Can you suggest any workshops related to healthcare courses?,Course Search
Explain your range of services.,Ask Features
What is the privacy policy of this platform?,Negative
What skills will I learn in the Social Media Advertising Strategy course?,Description
"Hi, got a second to talk?",Greet
"Hello, anyone available right now?",Greet
Navigate to the course page for Algorithms and Data Structures.,Open Landing Page
Can you recommend a course in geotechnical engineering?,Course Search
Can you teach me how to play chess?,Negative
I need to buy car insurance.,Negative
How difficult is the Data Science for Biomedical Research course?,Description
Can you provide information about the skills taught in Search Engine Optimization (SEO) Strategy and Implementation?,Description
Long time no see,Greet
Are there any competitions related to math and logic courses?,Course Search
How do I make a YouTube video?,Negative
I need psychological counseling.,Negative
Can you recommend a good online shopping site?,Negative
How do I start a fitness routine?,Negative
Open the page for Corporate Governance and Sustainability.,Open Landing Page
Explain what you can offer.,Ask Features
Are there any internships available for students in physical science and engineering courses?,Course Search
Are there any industry partnerships for data science courses?,Course Search
How do I leave a review for a course?,Negative
Are there any grants available for continuing education?,Course Search
Can you provide details about the difficulty level of the Math and Logic Problem-Solving Strategies course?,Description
